<?xml version="1.0"?>
<entity_product_supplier>
  <fields class="ProductSupplier">
    <field name="id_product" relation="product"/>
    <field name="id_product_attribute" relation="product_attribute"/>
    <field name="id_supplier" relation="supplier"/>
    <field name="id_currency" relation="currency"/>
    <field name="product_supplier_reference"/>
    <field name="product_supplier_price_te"/>
  </fields>
  <entities>
    <product_supplier id_product="Mug_The_best_is_yet_to_come" id_product_attribute="0" id_supplier="Accessories_Supplier" product_supplier_price_te="5.490000" id_currency="USD" product_supplier_reference="demo_11" />
    <product_supplier id_product="Mug_The_adventure_begins" id_product_attribute="0" id_supplier="Accessories_Supplier" product_supplier_price_te="5.490000" id_currency="USD" product_supplier_reference="demo_12" />
    <product_supplier id_product="Mug_Today_is_a_good_day" id_product_attribute="0" id_supplier="Accessories_Supplier" product_supplier_price_te="5.490000" id_currency="USD" product_supplier_reference="demo_13" />
    <product_supplier id_product="Customizable_mug" id_product_attribute="0" id_supplier="Accessories_Supplier" product_supplier_price_te="5.490000" id_currency="USD" product_supplier_reference="demo_14" />
    <product_supplier id_product="Mountain_fox_-_Vector_graphics" id_product_attribute="0" id_supplier="Accessories_Supplier" product_supplier_price_te="5.490000" id_currency="USD" product_supplier_reference="demo_18" />
    <product_supplier id_product="Brown_bear_-_Vector_graphics" id_product_attribute="0" id_supplier="Accessories_Supplier" product_supplier_price_te="5.490000" id_currency="USD" product_supplier_reference="demo_19" />
    <product_supplier id_product="Hummingbird_-_Vector_graphics" id_product_attribute="0" id_supplier="Accessories_Supplier" product_supplier_price_te="5.490000" id_currency="USD" product_supplier_reference="demo_20" />
    <product_supplier id_product="Hummingbird_printed_t-shirt" id_product_attribute="product_attribute_46" id_supplier="Fashion_Supplier" product_supplier_price_te="5.490000" id_currency="USD" product_supplier_reference="demo_1_46" />
    <product_supplier id_product="Hummingbird_printed_t-shirt" id_product_attribute="product_attribute_47" id_supplier="Fashion_Supplier" product_supplier_price_te="5.490000" id_currency="USD" product_supplier_reference="demo_1_47" />
    <product_supplier id_product="Hummingbird_printed_t-shirt" id_product_attribute="product_attribute_48" id_supplier="Fashion_Supplier" product_supplier_price_te="5.490000" id_currency="USD" product_supplier_reference="demo_1_48" />
    <product_supplier id_product="Hummingbird_printed_t-shirt" id_product_attribute="product_attribute_49" id_supplier="Fashion_Supplier" product_supplier_price_te="5.490000" id_currency="USD" product_supplier_reference="demo_1_49" />
    <product_supplier id_product="Hummingbird_printed_t-shirt" id_product_attribute="product_attribute_50" id_supplier="Fashion_Supplier" product_supplier_price_te="5.490000" id_currency="USD" product_supplier_reference="demo_1_50" />
    <product_supplier id_product="Hummingbird_printed_t-shirt" id_product_attribute="product_attribute_51" id_supplier="Fashion_Supplier" product_supplier_price_te="5.490000" id_currency="USD" product_supplier_reference="demo_1_51" />
    <product_supplier id_product="Hummingbird_printed_t-shirt" id_product_attribute="product_attribute_52" id_supplier="Fashion_Supplier" product_supplier_price_te="5.490000" id_currency="USD" product_supplier_reference="demo_1_52" />
    <product_supplier id_product="Hummingbird_printed_t-shirt" id_product_attribute="product_attribute_53" id_supplier="Fashion_Supplier" product_supplier_price_te="5.490000" id_currency="USD" product_supplier_reference="demo_1_53" />
    <product_supplier id_product="Hummingbird_printed_sweater" id_product_attribute="product_attribute_62" id_supplier="Fashion_Supplier" product_supplier_price_te="5.490000" id_currency="USD" product_supplier_reference="demo_3_62" />
    <product_supplier id_product="Hummingbird_printed_sweater" id_product_attribute="product_attribute_63" id_supplier="Fashion_Supplier" product_supplier_price_te="5.490000" id_currency="USD" product_supplier_reference="demo_3_63" />
    <product_supplier id_product="Hummingbird_printed_sweater" id_product_attribute="product_attribute_64" id_supplier="Fashion_Supplier" product_supplier_price_te="5.490000" id_currency="USD" product_supplier_reference="demo_3_64" />
    <product_supplier id_product="Hummingbird_printed_sweater" id_product_attribute="product_attribute_65" id_supplier="Fashion_Supplier" product_supplier_price_te="5.490000" id_currency="USD" product_supplier_reference="demo_3_65" />
    <product_supplier id_product="The_best_is_yet_to_come_Framed_poster" id_product_attribute="product_attribute_70" id_supplier="Fashion_Supplier" product_supplier_price_te="5.490000" id_currency="USD" product_supplier_reference="demo_6_70" />
    <product_supplier id_product="The_best_is_yet_to_come_Framed_poster" id_product_attribute="product_attribute_71" id_supplier="Fashion_Supplier" product_supplier_price_te="5.490000" id_currency="USD" product_supplier_reference="demo_6_71" />
    <product_supplier id_product="The_best_is_yet_to_come_Framed_poster" id_product_attribute="product_attribute_72" id_supplier="Fashion_Supplier" product_supplier_price_te="5.490000" id_currency="USD" product_supplier_reference="demo_6_72" />
    <product_supplier id_product="The_adventure_begins_Framed_poster" id_product_attribute="product_attribute_73" id_supplier="Fashion_Supplier" product_supplier_price_te="5.490000" id_currency="USD" product_supplier_reference="demo_5_73" />
    <product_supplier id_product="The_adventure_begins_Framed_poster" id_product_attribute="product_attribute_74" id_supplier="Fashion_Supplier" product_supplier_price_te="5.490000" id_currency="USD" product_supplier_reference="demo_5_74" />
    <product_supplier id_product="The_adventure_begins_Framed_poster" id_product_attribute="product_attribute_75" id_supplier="Fashion_Supplier" product_supplier_price_te="5.490000" id_currency="USD" product_supplier_reference="demo_5_75" />
    <product_supplier id_product="Today_is_a_good_day_Framed_poster" id_product_attribute="product_attribute_76" id_supplier="Fashion_Supplier" product_supplier_price_te="5.490000" id_currency="USD" product_supplier_reference="demo_5_76" />
    <product_supplier id_product="Today_is_a_good_day_Framed_poster" id_product_attribute="product_attribute_77" id_supplier="Fashion_Supplier" product_supplier_price_te="5.490000" id_currency="USD" product_supplier_reference="demo_5_77" />
    <product_supplier id_product="Today_is_a_good_day_Framed_poster" id_product_attribute="product_attribute_78" id_supplier="Fashion_Supplier" product_supplier_price_te="5.490000" id_currency="USD" product_supplier_reference="demo_5_78" />
    <product_supplier id_product="The_best_is_yet_to_come_Framed_poster" id_product_attribute="product_attribute_70" id_supplier="Accessories_Supplier" product_supplier_price_te="2.490000" id_currency="USD" product_supplier_reference="demo_6_70" />
    <product_supplier id_product="The_best_is_yet_to_come_Framed_poster" id_product_attribute="product_attribute_71" id_supplier="Accessories_Supplier" product_supplier_price_te="2.490000" id_currency="USD" product_supplier_reference="demo_6_71" />
    <product_supplier id_product="The_best_is_yet_to_come_Framed_poster" id_product_attribute="product_attribute_72" id_supplier="Accessories_Supplier" product_supplier_price_te="2.490000" id_currency="USD" product_supplier_reference="demo_6_72" />
    <product_supplier id_product="The_adventure_begins_Framed_poster" id_product_attribute="product_attribute_73" id_supplier="Accessories_Supplier" product_supplier_price_te="2.490000" id_currency="USD" product_supplier_reference="demo_5_73" />
    <product_supplier id_product="The_adventure_begins_Framed_poster" id_product_attribute="product_attribute_74" id_supplier="Accessories_Supplier" product_supplier_price_te="2.490000" id_currency="USD" product_supplier_reference="demo_5_74" />
    <product_supplier id_product="The_adventure_begins_Framed_poster" id_product_attribute="product_attribute_75" id_supplier="Accessories_Supplier" product_supplier_price_te="2.490000" id_currency="USD" product_supplier_reference="demo_5_75" />
    <product_supplier id_product="Today_is_a_good_day_Framed_poster" id_product_attribute="product_attribute_76" id_supplier="Accessories_Supplier" product_supplier_price_te="2.490000" id_currency="USD" product_supplier_reference="demo_5_76" />
    <product_supplier id_product="Today_is_a_good_day_Framed_poster" id_product_attribute="product_attribute_77" id_supplier="Accessories_Supplier" product_supplier_price_te="2.490000" id_currency="USD" product_supplier_reference="demo_5_77" />
    <product_supplier id_product="Today_is_a_good_day_Framed_poster" id_product_attribute="product_attribute_78" id_supplier="Accessories_Supplier" product_supplier_price_te="2.490000" id_currency="USD" product_supplier_reference="demo_5_78" />
    <product_supplier id_product="Mountain_fox_cushion" id_product_attribute="product_attribute_79" id_supplier="Accessories_Supplier" product_supplier_price_te="5.490000" id_currency="USD" product_supplier_reference="demo_15_79" />
    <product_supplier id_product="Mountain_fox_cushion" id_product_attribute="product_attribute_80" id_supplier="Accessories_Supplier" product_supplier_price_te="5.490000" id_currency="USD" product_supplier_reference="demo_15_80" />
    <product_supplier id_product="Brown_bear_cushion" id_product_attribute="product_attribute_81" id_supplier="Accessories_Supplier" product_supplier_price_te="5.490000" id_currency="USD" product_supplier_reference="demo_16_81" />
    <product_supplier id_product="Brown_bear_cushion" id_product_attribute="product_attribute_82" id_supplier="Accessories_Supplier" product_supplier_price_te="5.490000" id_currency="USD" product_supplier_reference="demo_16_82" />
    <product_supplier id_product="Hummingbird_cushion" id_product_attribute="product_attribute_83" id_supplier="Accessories_Supplier" product_supplier_price_te="5.490000" id_currency="USD" product_supplier_reference="demo_17_83" />
    <product_supplier id_product="Hummingbird_cushion" id_product_attribute="product_attribute_84" id_supplier="Accessories_Supplier" product_supplier_price_te="5.490000" id_currency="USD" product_supplier_reference="demo_17_84" />
    <product_supplier id_product="Mountain_fox_notebook" id_product_attribute="product_attribute_85" id_supplier="Accessories_Supplier" product_supplier_price_te="5.490000" id_currency="USD" product_supplier_reference="demo_8_85" />
    <product_supplier id_product="Mountain_fox_notebook" id_product_attribute="product_attribute_86" id_supplier="Accessories_Supplier" product_supplier_price_te="5.490000" id_currency="USD" product_supplier_reference="demo_8_86" />
    <product_supplier id_product="Mountain_fox_notebook" id_product_attribute="product_attribute_87" id_supplier="Accessories_Supplier" product_supplier_price_te="5.490000" id_currency="USD" product_supplier_reference="demo_8_87" />
    <product_supplier id_product="Mountain_fox_notebook" id_product_attribute="product_attribute_88" id_supplier="Accessories_Supplier" product_supplier_price_te="5.490000" id_currency="USD" product_supplier_reference="demo_8_88" />
    <product_supplier id_product="Brown_bear_notebook" id_product_attribute="product_attribute_89" id_supplier="Accessories_Supplier" product_supplier_price_te="5.490000" id_currency="USD" product_supplier_reference="demo_9_89" />
    <product_supplier id_product="Brown_bear_notebook" id_product_attribute="product_attribute_90" id_supplier="Accessories_Supplier" product_supplier_price_te="5.490000" id_currency="USD" product_supplier_reference="demo_9_90" />
    <product_supplier id_product="Brown_bear_notebook" id_product_attribute="product_attribute_91" id_supplier="Accessories_Supplier" product_supplier_price_te="5.490000" id_currency="USD" product_supplier_reference="demo_9_91" />
    <product_supplier id_product="Brown_bear_notebook" id_product_attribute="product_attribute_92" id_supplier="Accessories_Supplier" product_supplier_price_te="5.490000" id_currency="USD" product_supplier_reference="demo_9_92" />
    <product_supplier id_product="Hummingbird_notebook" id_product_attribute="product_attribute_93" id_supplier="Accessories_Supplier" product_supplier_price_te="5.490000" id_currency="USD" product_supplier_reference="demo_10_93" />
    <product_supplier id_product="Hummingbird_notebook" id_product_attribute="product_attribute_94" id_supplier="Accessories_Supplier" product_supplier_price_te="5.490000" id_currency="USD" product_supplier_reference="demo_10_94" />
    <product_supplier id_product="Hummingbird_notebook" id_product_attribute="product_attribute_95" id_supplier="Accessories_Supplier" product_supplier_price_te="5.490000" id_currency="USD" product_supplier_reference="demo_10_95" />
    <product_supplier id_product="Hummingbird_notebook" id_product_attribute="product_attribute_96" id_supplier="Accessories_Supplier" product_supplier_price_te="5.490000" id_currency="USD" product_supplier_reference="demo_10_96" />
    <product_supplier id_product="Pack_Mug_Framed_poster" id_product_attribute="0" id_supplier="Accessories_Supplier" product_supplier_price_te="0" id_currency="USD" product_supplier_reference="" />
  </entities>
</entity_product_supplier>
